{"epoch":19,"top1_acc":0.4727272727272727,"top5_acc":0.7909090909090909,"loss":0.18336917879906567,"_timestamp":1.7465209901198916e+09,"_runtime":881.997950654,"_step":19,"_wandb":{"runtime":886}}