{"top5_acc":0.7029702970297029,"loss":0.1654291458354138,"_timestamp":1.745086827551004e+09,"_wandb":{"runtime":14},"_runtime":14.110342627,"_step":19,"epoch":19,"top1_acc":0.44554455445544555}