{"epoch":19,"top1_acc":0.509090909090909,"_wandb":{"runtime":7742},"top5_acc":0.7363636363636363,"loss":0.1785132955421101,"_timestamp":1.744488108037409e+09,"_runtime":7719.427956069,"_step":19}