{"epoch":19,"top1_acc":0.4727272727272727,"top5_acc":0.7,"loss":0.17980541397224772,"_timestamp":1.7442956602208188e+09,"_runtime":7923.457932116,"_wandb":{"runtime":7943},"_step":19}