{"top1_acc":0.5,"top5_acc":0.7090909090909091,"_wandb":{"runtime":8056},"loss":0.23938932743939487,"_timestamp":1.7443852408317032e+09,"_runtime":8035.187148381,"_step":19,"epoch":19}