{"_wandb":{"runtime":5126},"top5_acc":0.7363636363636363,"loss":0.1560279209505428,"_timestamp":1.744276398882191e+09,"_runtime":4956.004602005,"_step":11,"epoch":11,"top1_acc":0.42727272727272725}