{"_timestamp":1.7465199355277586e+09,"_runtime":1639.423339947,"_step":19,"_wandb":{"runtime":1644},"epoch":19,"top1_acc":0.5636363636363636,"top5_acc":0.7636363636363637,"loss":0.17919882833957673}