{"top5_acc":0.6909090909090909,"loss":0.12769098308953372,"_timestamp":1.7444521094325194e+09,"_runtime":388.806605616,"_step":0,"_wandb":{"runtime":688},"epoch":0,"top1_acc":0.3181818181818182}