{"_runtime":1687.315620693,"_step":19,"epoch":19,"_wandb":{"runtime":1706},"top1_acc":0.4818181818181818,"top5_acc":0.7909090909090909,"loss":0.18003428009423342,"_timestamp":1.7449165805575545e+09}