{"epoch":19,"_wandb":{"runtime":8556},"top1_acc":0.5,"top5_acc":0.7636363636363637,"loss":0.1973629203709689,"_timestamp":1.7446770328609338e+09,"_runtime":8541.510680221,"_step":19}