{"top1_acc":0.4727272727272727,"top5_acc":0.7727272727272727,"loss":0.19433698003942315,"_wandb":{"runtime":1673},"_timestamp":1.7449255965536468e+09,"_runtime":1654.164746725,"_step":19,"epoch":19}