{"_wandb":{"runtime":2161},"loss":0.14539389339360323,"_timestamp":1.7458065976124327e+09,"_runtime":2160.83724113,"_step":19,"epoch":19,"top1_acc":0.5636363636363636,"top5_acc":0.8181818181818182}