{"_timestamp":1.7451003434033191e+09,"_runtime":16.257044695,"_wandb":{"runtime":16},"_step":19,"epoch":19,"top1_acc":0.23636363636363636,"top5_acc":0.6272727272727273,"loss":0.15676326670429924}