{"_wandb":{"runtime":1642},"_runtime":1604.699948324,"_step":3,"epoch":3,"top1_acc":0.2818181818181818,"top5_acc":0.6090909090909091,"loss":0.15933924534104088,"_timestamp":1.7442976734626648e+09}