{"top1_acc":0.36363636363636365,"_wandb":{"runtime":482},"top5_acc":0.6818181818181818,"loss":0.12086305618286133,"_timestamp":1.7445044195020714e+09,"_runtime":409.17595262,"_step":0,"epoch":0}