{"_step":19,"epoch":19,"top1_acc":0.5,"top5_acc":0.7545454545454545,"_wandb":{"runtime":7692},"loss":0.1794145580042492,"_timestamp":1.7445121776154094e+09,"_runtime":7668.969178503}