{"_wandb":{"runtime":16},"top1_acc":0.4727272727272727,"top5_acc":0.8,"loss":0.17691679217598655,"_timestamp":1.7453138086908789e+09,"_runtime":16.745892659,"_step":19,"epoch":19}