{"_wandb":{"runtime":13343},"epoch":19,"top1_acc":0.4090909090909091,"top5_acc":0.7545454545454545,"loss":0.12577196684750644,"_timestamp":1.7466343948726478e+09,"_runtime":13304.501906975,"_step":19}