{"_timestamp":1.744311597542693e+09,"_runtime":3954.575701068,"_step":9,"epoch":9,"_wandb":{"runtime":4209},"top1_acc":0.44545454545454544,"top5_acc":0.7636363636363637,"loss":0.14976148564707148}