{"_timestamp":1.744271269949299e+09,"_runtime":7772.299658021,"_step":19,"epoch":19,"top1_acc":0.42727272727272725,"top5_acc":0.7090909090909091,"loss":0.26786998510360716,"_wandb":{"runtime":7792}}