{"_wandb":{"runtime":12657},"_timestamp":1.7445657297994425e+09,"_runtime":12631.438081475,"_step":19,"epoch":19,"top1_acc":0.5363636363636364,"top5_acc":0.7363636363636363,"loss":0.19677769379182294}