{"_step":19,"_wandb":{"runtime":12596},"epoch":19,"top1_acc":0.5636363636363636,"top5_acc":0.7909090909090909,"loss":0.17681150382215327,"_timestamp":1.7446252675187404e+09,"_runtime":12570.249691377}