{"_wandb":{"runtime":1674},"_runtime":1655.050839877,"_step":19,"epoch":19,"top1_acc":0.5,"top5_acc":0.8,"loss":0.18386944667859512,"_timestamp":1.744929991367859e+09}