{"top1_acc":0.4818181818181818,"top5_acc":0.7454545454545455,"loss":0.14395760189403187,"_timestamp":1.744807742374847e+09,"_runtime":2230.482161243,"_step":5,"epoch":5,"_wandb":{"runtime":2342}}