{"loss":0.19522884759035977,"_timestamp":1.7453113126316621e+09,"_runtime":16.531966292,"_step":19,"epoch":19,"top1_acc":0.12727272727272726,"_wandb":{"runtime":16},"top5_acc":0.43636363636363634}