{"top5_acc":0.7545454545454545,"loss":0.19605077667669815,"_timestamp":1.7446598193938231e+09,"_runtime":15773.565069588,"_step":19,"epoch":19,"top1_acc":0.5,"_wandb":{"runtime":15800}}