{"top5_acc":0.7454545454545455,"loss":0.18123599263754758,"_timestamp":1.744643472543542e+09,"_runtime":15306.15035774,"_step":19,"_wandb":{"runtime":15332},"epoch":19,"top1_acc":0.5545454545454546}