{"_wandb":{"runtime":1110},"epoch":19,"top1_acc":0.4818181818181818,"top5_acc":0.7545454545454545,"loss":0.1966779264536771,"_timestamp":1.7464602109853044e+09,"_runtime":1106.844139472,"_step":19}