{"epoch":19,"top1_acc":0.42727272727272725,"top5_acc":0.6818181818181818,"loss":0.25375186719677667,"_timestamp":1.7443056495640414e+09,"_wandb":{"runtime":7937},"_runtime":7917.421433736,"_step":19}