{"top1_acc":0.509090909090909,"top5_acc":0.7363636363636363,"loss":0.1785132955421101,"_timestamp":1.744721478147337e+09,"_runtime":7888.598132901,"_step":19,"epoch":19,"_wandb":{"runtime":7911}}