{"top5_acc":0.7909090909090909,"loss":0.18970559374852614,"_timestamp":1.7464713907744548e+09,"_runtime":6922.540528865,"_step":19,"_wandb":{"runtime":6937},"epoch":19,"top1_acc":0.5636363636363636}