{"loss":0.1533699477260763,"_timestamp":1.7444470834873874e+09,"_runtime":7391.460863907,"_step":19,"_wandb":{"runtime":7406},"epoch":19,"top1_acc":0.509090909090909,"top5_acc":0.6909090909090909}