{"epoch":19,"top1_acc":0.43636363636363634,"top5_acc":0.6909090909090909,"loss":0.20343003300103274,"_wandb":{"runtime":8255},"_timestamp":1.744333503676075e+09,"_runtime":8235.806369644,"_step":19}