{"top5_acc":0.7454545454545455,"loss":0.20565630278804087,"_timestamp":1.7445870780248818e+09,"_wandb":{"runtime":12617},"_runtime":12601.243518395,"_step":19,"epoch":19,"top1_acc":0.5272727272727272}