{"_runtime":13.189718684,"_step":19,"epoch":19,"top1_acc":0.44554455445544555,"top5_acc":0.7029702970297029,"_wandb":{"runtime":13},"loss":0.1654291458354138,"_timestamp":1.7457922846614337e+09}