{"_timestamp":1.745804414484416e+09,"_wandb":{"runtime":22},"_runtime":7.467569089,"_step":6,"epoch":6,"top1_acc":0.4,"top5_acc":0.7909090909090909,"loss":0.12531850920482115}