{"_runtime":3670.767357932,"_wandb":{"runtime":3670},"_step":19,"epoch":19,"top1_acc":0.23636363636363636,"top5_acc":0.6272727272727273,"loss":0.15676326670429924,"_timestamp":1.7458300460760794e+09}