{"loss":0.16161356392231854,"_wandb":{"runtime":17},"_timestamp":1.7453198782371964e+09,"_runtime":17.069462438,"_step":19,"epoch":19,"top1_acc":0.43636363636363634,"top5_acc":0.7363636363636363}