{"top1_acc":0.4090909090909091,"top5_acc":0.7545454545454545,"_wandb":{"runtime":12840},"loss":0.12577196684750644,"_timestamp":1.7445488226742768e+09,"_runtime":12814.157174413,"_step":19,"epoch":19}