{"_wandb":{"runtime":3983},"top5_acc":0.7181818181818181,"loss":0.13473989435217598,"_timestamp":1.7444513560419247e+09,"_runtime":3861.6392282,"_step":10,"epoch":10,"top1_acc":0.5}