{"top5_acc":0.7727272727272727,"loss":0.18493034920909188,"_timestamp":1.7448091808697133e+09,"_runtime":1039.64109106,"_step":19,"epoch":19,"_wandb":{"runtime":1049},"top1_acc":0.4909090909090909}