{"_wandb":{"runtime":7857},"_step":19,"epoch":19,"top1_acc":0.4818181818181818,"top5_acc":0.7090909090909091,"loss":0.2240114382722161,"_timestamp":1.7444700264900093e+09,"_runtime":7842.556996002}