{"_wandb":{"runtime":1667},"_runtime":1648.82987448,"_step":19,"epoch":19,"top1_acc":0.509090909090909,"top5_acc":0.7272727272727273,"loss":0.18692331585017116,"_timestamp":1.745966380817067e+09}