{"_runtime":7813.361849458,"_step":19,"epoch":19,"top1_acc":0.45454545454545453,"top5_acc":0.6727272727272727,"_wandb":{"runtime":7832},"loss":0.12666166844693097,"_timestamp":1.7442845405652092e+09}