{"_step":19,"epoch":19,"top1_acc":0.17272727272727273,"top5_acc":0.4909090909090909,"loss":0.18538684790784662,"_wandb":{"runtime":19},"_timestamp":1.7453107877282495e+09,"_runtime":18.855746889}