{"epoch":19,"top1_acc":0.509090909090909,"top5_acc":0.7454545454545455,"loss":0.15035618706183,"_timestamp":1.7444215742303677e+09,"_runtime":7592.148679211,"_wandb":{"runtime":7607},"_step":19}