{"top1_acc":0.4636363636363636,"top5_acc":0.7454545454545455,"loss":0.1859581790187142,"_timestamp":1.7448894889900184e+09,"_runtime":1074.224741176,"_wandb":{"runtime":1091},"_step":19,"epoch":19}