{"_runtime":3200.13638786,"_step":19,"epoch":19,"_wandb":{"runtime":3206},"top1_acc":0.6,"top5_acc":0.7363636363636363,"loss":0.18629082224585794,"_timestamp":1.7464942844749491e+09}