{"top1_acc":0.44545454545454544,"top5_acc":0.7363636363636363,"loss":0.1917756974697113,"_timestamp":1.7449014330788364e+09,"_runtime":1665.859175103,"_step":19,"_wandb":{"runtime":1685},"epoch":19}