{"epoch":19,"top1_acc":0.4727272727272727,"top5_acc":0.7727272727272727,"_wandb":{"runtime":1063},"loss":0.18984756930307908,"_timestamp":1.7448922779337463e+09,"_runtime":1046.193060056,"_step":19}