{"_wandb":{"runtime":1077},"epoch":19,"top1_acc":0.5181818181818182,"top5_acc":0.7636363636363637,"loss":0.19001772674647244,"_timestamp":1.7448223372485185e+09,"_runtime":1068.026994765,"_step":19}