{"top1_acc":0.4909090909090909,"top5_acc":0.7545454545454545,"loss":0.2662899434566498,"_wandb":{"runtime":8109},"_timestamp":1.7444031726344316e+09,"_runtime":8089.953115136,"_step":19,"epoch":19}