{"_wandb":{"runtime":1141},"_timestamp":1.7464615276467907e+09,"_runtime":1137.500898509,"_step":19,"epoch":19,"top1_acc":0.4818181818181818,"top5_acc":0.7545454545454545,"loss":0.2083242351358587}