{"top5_acc":0.7029702970297029,"loss":0.1654291458354138,"_wandb":{"runtime":13},"_timestamp":1.7453138479151487e+09,"_runtime":13.110694313,"_step":19,"epoch":19,"top1_acc":0.44554455445544555}