{"top1_acc":0.5,"top5_acc":0.7636363636363637,"loss":0.1973629203709689,"_timestamp":1.7444604150466993e+09,"_runtime":7809.469455184,"_wandb":{"runtime":7824},"_step":19,"epoch":19}