{"_runtime":8163.895001814,"_step":19,"_wandb":{"runtime":8179},"epoch":19,"top1_acc":0.4727272727272727,"top5_acc":0.7,"loss":0.24743752858855508,"_timestamp":1.7442456703615537e+09}