{"_runtime":1032.272219099,"_step":19,"_wandb":{"runtime":1049},"epoch":19,"top1_acc":0.45454545454545453,"top5_acc":0.7363636363636363,"loss":0.19014729153026233,"_timestamp":1.744885754094662e+09}