{"_timestamp":1.7447130254782498e+09,"_runtime":8076.003966566,"_step":19,"_wandb":{"runtime":8099},"epoch":19,"top1_acc":0.5454545454545454,"top5_acc":0.7636363636363637,"loss":0.1716803179545836}