{"top1_acc":0.43636363636363634,"top5_acc":0.7545454545454545,"_wandb":{"runtime":18},"loss":0.18851166394623844,"_timestamp":1.7453108326549947e+09,"_runtime":18.406581341,"_step":19,"epoch":19}