{"_step":19,"epoch":19,"_wandb":{"runtime":1710},"top1_acc":0.509090909090909,"top5_acc":0.7272727272727273,"loss":0.18692331585017116,"_timestamp":1.7459521668842835e+09,"_runtime":1691.929766329}