{"epoch":19,"top1_acc":0.4909090909090909,"top5_acc":0.7454545454545455,"loss":0.1774294536222111,"_timestamp":1.74594075723951e+09,"_runtime":1688.397497838,"_step":19,"_wandb":{"runtime":1707}}