{"_runtime":16.739710569,"_step":19,"epoch":19,"top1_acc":0.4727272727272727,"top5_acc":0.8,"_wandb":{"runtime":16},"loss":0.17691679217598655,"_timestamp":1.7453108758730576e+09}