{"top5_acc":0.7454545454545455,"loss":0.17346383048729463,"_timestamp":1.7449133691038713e+09,"_runtime":1647.69461806,"_step":19,"_wandb":{"runtime":1667},"epoch":19,"top1_acc":0.509090909090909}