{"_step":19,"epoch":19,"top1_acc":0.39090909090909093,"top5_acc":0.7090909090909091,"loss":0.263801019300114,"_wandb":{"runtime":7913},"_timestamp":1.7444134748358967e+09,"_runtime":7899.655544389}