{"_step":19,"epoch":19,"top1_acc":0.4727272727272727,"top5_acc":0.7090909090909091,"loss":0.18027996691790493,"_timestamp":1.7443201900314033e+09,"_runtime":8150.473234199,"_wandb":{"runtime":8170}}