{"_wandb":{"runtime":6299},"epoch":19,"top1_acc":0.5363636363636364,"top5_acc":0.7909090909090909,"loss":0.18946374383839695,"_timestamp":1.7459487911699548e+09,"_runtime":6277.714457806,"_step":19}