{"_timestamp":1.7443703583119612e+09,"_runtime":7755.704431197,"_wandb":{"runtime":7781},"_step":19,"epoch":19,"top1_acc":0.45454545454545453,"top5_acc":0.6818181818181818,"loss":0.2352130418474024}