{"top5_acc":0.7454545454545455,"loss":0.1774294536222111,"_timestamp":1.7449193231521528e+09,"_runtime":1665.546654737,"_wandb":{"runtime":1684},"_step":19,"epoch":19,"top1_acc":0.4909090909090909}