{"_runtime":8193.174834838,"_step":19,"_wandb":{"runtime":8218},"epoch":19,"top1_acc":0.5454545454545454,"top5_acc":0.7636363636363637,"loss":0.1716803179545836,"_timestamp":1.7444797565166564e+09}