{"epoch":19,"top1_acc":0.45454545454545453,"top5_acc":0.7363636363636363,"loss":0.22895446771925146,"_timestamp":1.744362103505078e+09,"_wandb":{"runtime":8224},"_runtime":8204.0270981,"_step":19}