{"_wandb":{"runtime":16},"loss":0.1654696448282762,"_timestamp":1.7450867891667213e+09,"_runtime":16.388873132,"_step":19,"epoch":19,"top1_acc":0.24545454545454545,"top5_acc":0.6090909090909091}