{"_step":0,"epoch":0,"top1_acc":0.37272727272727274,"top5_acc":0.6909090909090909,"loss":0.1194118166511709,"_wandb":{"runtime":450},"_timestamp":1.7444715157849822e+09,"_runtime":422.679136666}