{"_wandb":{"runtime":17},"top5_acc":0.43636363636363634,"loss":0.19522884759035977,"_timestamp":1.7453101940438502e+09,"_runtime":16.459896186,"_step":19,"epoch":19,"top1_acc":0.12727272727272726}