{"epoch":19,"top1_acc":0.5181818181818182,"_wandb":{"runtime":8282},"top5_acc":0.7545454545454545,"loss":0.22872062433849683,"_timestamp":1.7443947822742124e+09,"_runtime":8262.088460843,"_step":19}