{"top5_acc":0.8,"loss":0.17691679217598655,"_timestamp":1.7451003787968135e+09,"_wandb":{"runtime":17},"_runtime":17.604029022,"_step":19,"epoch":19,"top1_acc":0.4727272727272727}